{"cameraMode":{"drawMode":0,"name":"Shaded","section":"Shading Mode"},"sceneLighting":true,"audioPlay":false,"sceneViewState":{"m_AlwaysRefresh":false,"showFog":false,"showSkybox":false,"showFlares":false,"showImageEffects":false,"showParticleSystems":false,"showVisualEffectGraphs":true,"m_FxEnabled":false},"in2DMode":false,"pivot":{"x":0.05583321303129196,"y":-9.508002281188965,"z":-4.070226669311523},"rotation":{"x":0.6942585110664368,"y":-0.00323874456807971,"z":0.0031242086552083494,"w":0.7197130918502808},"size":17.679794311523439,"orthographic":false}