{"cameraMode":{"drawMode":0,"name":"Shaded","section":"Shading Mode"},"sceneLighting":true,"audioPlay":false,"sceneViewState":{"m_AlwaysRefresh":false,"showFog":false,"showSkybox":false,"showFlares":false,"showImageEffects":false,"showParticleSystems":false,"showVisualEffectGraphs":true,"m_FxEnabled":false},"in2DMode":false,"pivot":{"x":-119.80693054199219,"y":50.50009536743164,"z":-28.766468048095704},"rotation":{"x":-0.17827388644218446,"y":-0.04220765084028244,"z":0.007653809152543545,"w":-0.9830511808395386},"size":0.011200607754290104,"orthographic":false}