{"cameraMode":{"drawMode":0,"name":"Shaded","section":"Shading Mode"},"sceneLighting":true,"audioPlay":false,"sceneViewState":{"m_AlwaysRefresh":false,"showFog":false,"showSkybox":false,"showFlares":false,"showImageEffects":false,"showParticleSystems":false,"showVisualEffectGraphs":true,"m_FxEnabled":false},"in2DMode":false,"pivot":{"x":-1.5397601127624512,"y":7.269440650939941,"z":-6.882226467132568},"rotation":{"x":0.5951883792877197,"y":0.00023807070101611316,"z":-0.0001762016472639516,"w":0.8035864233970642},"size":1.0231709480285645,"orthographic":false}